{"nodes":{"node:1":{"location":{"x":-68,"y":41}},"node:13":{"location":{"x":126,"y":131}},"node:19":{"location":{"x":374,"y":141}},"node:7":{"location":{"x":-68,"y":209}}},"selection":null,"view":{"scroll":{"x":-272.715301513671875,"y":-177.403610229492188},"zoom":0.749999940395355225}}