{"nodes":{"node:1":{"location":{"x":217,"y":71}},"node:3":{"location":{"x":5,"y":65}}},"selection":null,"view":{"scroll":{"x":-165.52337646484375,"y":-31.3495941162109375},"zoom":1}}