{"nodes":{"node:1":{"location":{"x":217,"y":71}},"node:3":{"location":{"x":-68,"y":103}}},"selection":null,"view":{"scroll":{"x":-240.25555419921875,"y":-178.869537353515625},"zoom":1}}