{"nodes":{"node:1":{"location":{"x":284,"y":169}},"node:3":{"location":{"x":-26,"y":145}}},"selection":null,"view":{"scroll":{"x":-53.1157684326171875,"y":-59.9429779052734375},"zoom":1}}