{"nodes":{"node:1":{"location":{"x":156,"y":89}},"node:3":{"location":{"x":-68,"y":129}}},"selection":null,"view":{"scroll":{"x":-159.52337646484375,"y":-30.3495941162109375},"zoom":1}}