{"nodes":{"node:1":{"location":{"x":217,"y":71}},"node:8":{"location":{"x":-68,"y":67}}},"selection":null,"view":{"scroll":{"x":-112.662353515625,"y":-67.815460205078125},"zoom":1.24999988079071045}}