{"nodes":{"node:1":{"location":{"x":-68,"y":41}},"node:13":{"location":{"x":126,"y":131}},"node:19":{"location":{"x":374,"y":141}},"node:7":{"location":{"x":-68,"y":209}}},"selection":null,"view":{"scroll":{"x":-333.607879638671875,"y":-143.777099609375},"zoom":0.329999983310699463}}