{"nodes":{"node:1":{"location":{"x":504,"y":256}},"node:17":{"location":{"x":-9,"y":96}},"node:25":{"location":{"x":216,"y":284}},"node:34":{"location":{"x":215,"y":468}},"node:9":{"location":{"x":-1,"y":344}}},"selection":["node:9"],"view":{"scroll":{"x":-60.2169876098632812,"y":75.670318603515625},"zoom":0.749999880790710449}}