{"nodes":{"node:1":{"location":{"x":680,"y":256}}},"selection":null,"view":{"scroll":{"x":-42.3001556396484375,"y":33.318145751953125},"zoom":1.25}}