{"nodes":{"node:0":{"location":{"x":0,"y":0}}},"selection":["node:0"],"view":{"scroll":{"x":-279.4327392578125,"y":-46.8566017150878906},"zoom":2.4999997615814209}}