{"nodes":{"node:0":{"location":{"x":0,"y":0}}},"selection":["node:0"],"view":{"scroll":{"x":-282.3846435546875,"y":-86.5205764770507812},"zoom":1.49999988079071045}}