{"nodes":{"node:1":{"location":{"x":680,"y":256}},"node:17":{"location":{"x":7,"y":252}},"node:25":{"location":{"x":232,"y":220}},"node:9":{"location":{"x":0,"y":0}}},"selection":null,"view":{"scroll":{"x":-158.56024169921875,"y":-354.41827392578125},"zoom":1.49999988079071045}}