{"nodes":null,"selection":null,"view":{"scroll":{"x":280.693145751953125,"y":112.957992553710938},"zoom":2}}