{"nodes":{"node:1":{"location":{"x":44,"y":-20}}},"selection":null,"view":{"scroll":{"x":-347.7427978515625,"y":-176.63836669921875},"zoom":1.49999988079071045}}