{"nodes":{"node:1":{"location":{"x":936,"y":104}},"node:7":{"location":{"x":504,"y":108}}},"selection":null,"view":{"scroll":{"x":471.163909912109375,"y":35.056060791015625},"zoom":1}}