{"nodes":{"node:1":{"location":{"x":840,"y":52}}},"selection":null,"view":{"scroll":{"x":383.0538330078125,"y":-13.2232818603515625},"zoom":1}}