{"nodes":{"node:1":{"location":{"x":936,"y":104}}},"selection":null,"view":{"scroll":{"x":78.081787109375,"y":-31.164337158203125},"zoom":0.5}}