{"nodes":{"node:0":{"location":{"x":272,"y":16}}},"selection":["node:0"],"view":{"scroll":{"x":-95.332000732421875,"y":-221.96612548828125},"zoom":1.49999988079071045}}