{"nodes":{"node:1":{"location":{"x":114,"y":-67}}},"selection":null,"view":{"scroll":{"x":-138.276657104492188,"y":-233.138412475585938},"zoom":1.24999988079071045}}