{"nodes":{"node:1":{"location":{"x":936,"y":104}}},"selection":null,"view":{"scroll":{"x":796.4190673828125,"y":179.501296997070312},"zoom":1.24999988079071045}}