{"nodes":{"node:1":{"location":{"x":920,"y":212}},"node:7":{"location":{"x":690,"y":208}}},"selection":null,"view":{"scroll":{"x":624.9207763671875,"y":168.4271240234375},"zoom":1}}