{"nodes":null,"selection":null,"view":{"scroll":{"x":2135.704833984375,"y":896.61553955078125},"zoom":3.9999995231628418}}