{"nodes":{"node:1":{"location":{"x":44,"y":-20}}},"selection":null,"view":{"scroll":{"x":-341.3126220703125,"y":-244.044509887695312},"zoom":1}}