{"nodes":{"node:1":{"location":{"x":648,"y":248}},"node:17":{"location":{"x":119,"y":100}},"node:26":{"location":{"x":88,"y":308}},"node:35":{"location":{"x":362,"y":256}},"node:9":{"location":{"x":356,"y":416}}},"selection":["node:26"],"view":{"scroll":{"x":-177.88665771484375,"y":48.4295578002929688},"zoom":0.749999940395355225}}