{"nodes":{"node:1":{"location":{"x":1160,"y":672}}},"selection":null,"view":{"scroll":{"x":746.810546875,"y":496.8472900390625},"zoom":1}}