{"nodes":{"node:1":{"location":{"x":472,"y":236}},"node:18":{"location":{"x":100,"y":360}},"node:29":{"location":{"x":84,"y":116}}},"selection":null,"view":{"scroll":{"x":-213.79071044921875,"y":-331.49249267578125},"zoom":1}}