{"nodes":{"node:1":{"location":{"x":600,"y":180}}},"selection":null,"view":{"scroll":{"x":19.5893096923828125,"y":-24.4038619995117188},"zoom":0.5}}