{"nodes":{"node:1":{"location":{"x":2056,"y":1588}},"node:17":{"location":{"x":1327,"y":1582}},"node:34":{"location":{"x":1576,"y":1688}},"node:54":{"location":{"x":1676,"y":1468}},"node:9":{"location":{"x":1321,"y":1289}}},"selection":null,"view":{"scroll":{"x":911.051513671875,"y":937.82684326171875},"zoom":0.75}}