{"nodes":{"node:1":{"location":{"x":488,"y":124}},"node:19":{"location":{"x":104,"y":352}},"node:9":{"location":{"x":100,"y":108}}},"selection":["node:9"],"view":{"scroll":{"x":-166.525726318359375,"y":16.9575424194335938},"zoom":0.749999940395355225}}