{"nodes":{"node:1":{"location":{"x":1640,"y":1140}},"node:17":{"location":{"x":1479,"y":1184}},"node:23":{"location":{"x":1268,"y":1332}},"node:9":{"location":{"x":1268,"y":1080}}},"selection":null,"view":{"scroll":{"x":1147.7060546875,"y":1013.66162109375},"zoom":1}}