{"nodes":{"node:1":{"location":{"x":1912,"y":1456}},"node:17":{"location":{"x":1102,"y":1330}},"node:34":{"location":{"x":1534,"y":1604}},"node:46":{"location":{"x":1351,"y":1136}},"node:54":{"location":{"x":1312,"y":1424}},"node:63":{"location":{"x":1606,"y":1347}},"node:9":{"location":{"x":1096,"y":1037}}},"selection":null,"view":{"scroll":{"x":415.1024169921875,"y":522.3890380859375},"zoom":0.5}}