{"nodes":{"node:1":{"location":{"x":2056,"y":1588}},"node:17":{"location":{"x":1327,"y":1582}},"node:34":{"location":{"x":1576,"y":1688}},"node:46":{"location":{"x":1648,"y":1436}},"node:54":{"location":{"x":1464,"y":1512}},"node:63":{"location":{"x":1624,"y":1468}},"node:9":{"location":{"x":1321,"y":1289}}},"selection":null,"view":{"scroll":{"x":543.36767578125,"y":590.55120849609375},"zoom":0.5}}