{"nodes":{"node:1":{"location":{"x":1784,"y":1416}},"node:17":{"location":{"x":1294,"y":1509}},"node:25":{"location":{"x":1456,"y":1354}},"node:34":{"location":{"x":1534,"y":1604}},"node:9":{"location":{"x":1202,"y":1204}}},"selection":null,"view":{"scroll":{"x":686.7001953125,"y":1009.61566162109375},"zoom":0.75}}