{"nodes":{"node:1":{"location":{"x":1784,"y":1416}},"node:17":{"location":{"x":1294,"y":1509}},"node:25":{"location":{"x":1520,"y":1292}},"node:34":{"location":{"x":1534,"y":1604}},"node:9":{"location":{"x":1202,"y":1204}}},"selection":null,"view":{"scroll":{"x":413.04443359375,"y":547.56201171875},"zoom":0.5}}