{"nodes":{"node:1":{"location":{"x":1112,"y":644}},"node:18":{"location":{"x":920,"y":684}},"node:24":{"location":{"x":660,"y":740}},"node:9":{"location":{"x":632,"y":512}}},"selection":["node:9"],"view":{"scroll":{"x":339.14215087890625,"y":301.57745361328125},"zoom":0.749999880790710449}}