{"nodes":{"node:1":{"location":{"x":472,"y":236}},"node:9":{"location":{"x":68,"y":218}}},"selection":["node:9"],"view":{"scroll":{"x":-364.45611572265625,"y":-189.894088745117188},"zoom":1.49999988079071045}}