{"nodes":{"node:1":{"location":{"x":1640,"y":1140}},"node:17":{"location":{"x":1305,"y":1446}},"node:25":{"location":{"x":1497,"y":1332}},"node:9":{"location":{"x":1274,"y":1176}}},"selection":["node:17"],"view":{"scroll":{"x":1069.0390625,"y":1107.3282470703125},"zoom":1}}