{"nodes":{"node:1":{"location":{"x":0,"y":0}},"node:17":{"location":{"x":-537,"y":152}},"node:25":{"location":{"x":-323,"y":60}},"node:9":{"location":{"x":-529,"y":-96}}},"selection":null,"view":{"scroll":{"x":-666.84869384765625,"y":-165.853240966796875},"zoom":0.749999940395355225}}