{"nodes":{"node:1":{"location":{"x":1160,"y":672}}},"selection":null,"view":{"scroll":{"x":183.218154907226562,"y":238.55596923828125},"zoom":0.499999940395355225}}