{"nodes":{"node:1":{"location":{"x":472,"y":236}},"node:18":{"location":{"x":100,"y":360}},"node:29":{"location":{"x":84,"y":116}}},"selection":["node:29"],"view":{"scroll":{"x":-341.67889404296875,"y":-1616.2620849609375},"zoom":1}}