{"nodes":{"node:1":{"location":{"x":536,"y":148}},"node:19":{"location":{"x":88,"y":300}},"node:29":{"location":{"x":232,"y":416}},"node:9":{"location":{"x":120,"y":44}}},"selection":null,"view":{"scroll":{"x":-110.012535095214844,"y":16.2055206298828125},"zoom":0.749999940395355225}}