{"nodes":{"node:1":{"location":{"x":648,"y":156}},"node:18":{"location":{"x":232,"y":284}},"node:27":{"location":{"x":398,"y":40}},"node:9":{"location":{"x":200,"y":56}}},"selection":null,"view":{"scroll":{"x":-126.5001220703125,"y":11.9999580383300781},"zoom":0.749999940395355225}}